<annotation>
	<folder>images</folder>
	<filename>img13.png</filename>
	<path>/Users/tech88d1/Desktop/images/img13.png</path>
	<source>
		<database>Unknown</database>
	</source>
	<size>
		<width>192</width>
		<height>192</height>
		<depth>3</depth>
	</size>
	<segmented>0</segmented>
	<object>
		<name>LineBreak</name>
		<pose>Unspecified</pose>
		<truncated>0</truncated>
		<difficult>0</difficult>
		<bndbox>
			<xmin>85</xmin>
			<ymin>38</ymin>
			<xmax>133</xmax>
			<ymax>128</ymax>
		</bndbox>
	</object>
</annotation>
