<annotation>
	<folder>images</folder>
	<filename>img143.png</filename>
	<path>/Users/tech88d1/Desktop/images/img143.png</path>
	<source>
		<database>Unknown</database>
	</source>
	<size>
		<width>232</width>
		<height>120</height>
		<depth>3</depth>
	</size>
	<segmented>0</segmented>
	<object>
		<name>LineBreak</name>
		<pose>Unspecified</pose>
		<truncated>0</truncated>
		<difficult>0</difficult>
		<bndbox>
			<xmin>131</xmin>
			<ymin>38</ymin>
			<xmax>185</xmax>
			<ymax>100</ymax>
		</bndbox>
	</object>
	<object>
		<name>LineBreak</name>
		<pose>Unspecified</pose>
		<truncated>0</truncated>
		<difficult>0</difficult>
		<bndbox>
			<xmin>16</xmin>
			<ymin>24</ymin>
			<xmax>97</xmax>
			<ymax>80</ymax>
		</bndbox>
	</object>
</annotation>
