<annotation>
	<folder>images</folder>
	<filename>img146.png</filename>
	<path>/Users/tech88d1/Desktop/images/img146.png</path>
	<source>
		<database>Unknown</database>
	</source>
	<size>
		<width>194</width>
		<height>208</height>
		<depth>3</depth>
	</size>
	<segmented>0</segmented>
	<object>
		<name>LineBreak</name>
		<pose>Unspecified</pose>
		<truncated>0</truncated>
		<difficult>0</difficult>
		<bndbox>
			<xmin>41</xmin>
			<ymin>47</ymin>
			<xmax>140</xmax>
			<ymax>91</ymax>
		</bndbox>
	</object>
</annotation>
