<annotation>
	<folder>images</folder>
	<filename>img116.png</filename>
	<path>/Users/tech88d1/Desktop/images/img116.png</path>
	<source>
		<database>Unknown</database>
	</source>
	<size>
		<width>136</width>
		<height>60</height>
		<depth>3</depth>
	</size>
	<segmented>0</segmented>
	<object>
		<name>LineBreak</name>
		<pose>Unspecified</pose>
		<truncated>1</truncated>
		<difficult>0</difficult>
		<bndbox>
			<xmin>42</xmin>
			<ymin>18</ymin>
			<xmax>93</xmax>
			<ymax>60</ymax>
		</bndbox>
	</object>
</annotation>
