<annotation>
	<folder>images</folder>
	<filename>img118.png</filename>
	<path>/Users/tech88d1/Desktop/images/img118.png</path>
	<source>
		<database>Unknown</database>
	</source>
	<size>
		<width>120</width>
		<height>90</height>
		<depth>3</depth>
	</size>
	<segmented>0</segmented>
	<object>
		<name>LineBreak</name>
		<pose>Unspecified</pose>
		<truncated>0</truncated>
		<difficult>0</difficult>
		<bndbox>
			<xmin>13</xmin>
			<ymin>10</ymin>
			<xmax>88</xmax>
			<ymax>43</ymax>
		</bndbox>
	</object>
</annotation>
