<annotation>
	<folder>images</folder>
	<filename>img147.png</filename>
	<path>/Users/tech88d1/Desktop/images/img147.png</path>
	<source>
		<database>Unknown</database>
	</source>
	<size>
		<width>82</width>
		<height>96</height>
		<depth>3</depth>
	</size>
	<segmented>0</segmented>
	<object>
		<name>LineBreak</name>
		<pose>Unspecified</pose>
		<truncated>0</truncated>
		<difficult>0</difficult>
		<bndbox>
			<xmin>11</xmin>
			<ymin>24</ymin>
			<xmax>59</xmax>
			<ymax>67</ymax>
		</bndbox>
	</object>
</annotation>
