<annotation>
	<folder>images</folder>
	<filename>img119.png</filename>
	<path>/Users/tech88d1/Desktop/images/img119.png</path>
	<source>
		<database>Unknown</database>
	</source>
	<size>
		<width>152</width>
		<height>290</height>
		<depth>3</depth>
	</size>
	<segmented>0</segmented>
	<object>
		<name>LineBreak</name>
		<pose>Unspecified</pose>
		<truncated>0</truncated>
		<difficult>0</difficult>
		<bndbox>
			<xmin>19</xmin>
			<ymin>82</ymin>
			<xmax>110</xmax>
			<ymax>237</ymax>
		</bndbox>
	</object>
</annotation>
