<annotation>
	<folder>images</folder>
	<filename>img140.png</filename>
	<path>/Users/tech88d1/Desktop/images/img140.png</path>
	<source>
		<database>Unknown</database>
	</source>
	<size>
		<width>122</width>
		<height>68</height>
		<depth>3</depth>
	</size>
	<segmented>0</segmented>
	<object>
		<name>LineBreak</name>
		<pose>Unspecified</pose>
		<truncated>0</truncated>
		<difficult>0</difficult>
		<bndbox>
			<xmin>16</xmin>
			<ymin>12</ymin>
			<xmax>68</xmax>
			<ymax>45</ymax>
		</bndbox>
	</object>
</annotation>
