<annotation>
	<folder>images</folder>
	<filename>img120.png</filename>
	<path>/Users/tech88d1/Desktop/images/img120.png</path>
	<source>
		<database>Unknown</database>
	</source>
	<size>
		<width>160</width>
		<height>120</height>
		<depth>3</depth>
	</size>
	<segmented>0</segmented>
	<object>
		<name>LineBreak</name>
		<pose>Unspecified</pose>
		<truncated>0</truncated>
		<difficult>0</difficult>
		<bndbox>
			<xmin>10</xmin>
			<ymin>19</ymin>
			<xmax>128</xmax>
			<ymax>75</ymax>
		</bndbox>
	</object>
</annotation>
