<annotation>
	<folder>images</folder>
	<filename>img103.png</filename>
	<path>/Users/tech88d1/Desktop/images/img103.png</path>
	<source>
		<database>Unknown</database>
	</source>
	<size>
		<width>80</width>
		<height>132</height>
		<depth>3</depth>
	</size>
	<segmented>0</segmented>
	<object>
		<name>LineBreak</name>
		<pose>Unspecified</pose>
		<truncated>0</truncated>
		<difficult>0</difficult>
		<bndbox>
			<xmin>19</xmin>
			<ymin>45</ymin>
			<xmax>62</xmax>
			<ymax>113</ymax>
		</bndbox>
	</object>
</annotation>
