<annotation>
	<folder>images</folder>
	<filename>img106.png</filename>
	<path>/Users/tech88d1/Desktop/images/img106.png</path>
	<source>
		<database>Unknown</database>
	</source>
	<size>
		<width>250</width>
		<height>228</height>
		<depth>3</depth>
	</size>
	<segmented>0</segmented>
	<object>
		<name>LineBreak</name>
		<pose>Unspecified</pose>
		<truncated>0</truncated>
		<difficult>0</difficult>
		<bndbox>
			<xmin>40</xmin>
			<ymin>81</ymin>
			<xmax>162</xmax>
			<ymax>159</ymax>
		</bndbox>
	</object>
</annotation>
