<annotation>
	<folder>images</folder>
	<filename>img19.png</filename>
	<path>/Users/tech88d1/Desktop/images/img19.png</path>
	<source>
		<database>Unknown</database>
	</source>
	<size>
		<width>206</width>
		<height>148</height>
		<depth>3</depth>
	</size>
	<segmented>0</segmented>
	<object>
		<name>LineBreak</name>
		<pose>Unspecified</pose>
		<truncated>0</truncated>
		<difficult>0</difficult>
		<bndbox>
			<xmin>42</xmin>
			<ymin>37</ymin>
			<xmax>121</xmax>
			<ymax>78</ymax>
		</bndbox>
	</object>
</annotation>
