<annotation>
	<folder>images</folder>
	<filename>img107.png</filename>
	<path>/Users/tech88d1/Desktop/images/img107.png</path>
	<source>
		<database>Unknown</database>
	</source>
	<size>
		<width>126</width>
		<height>160</height>
		<depth>3</depth>
	</size>
	<segmented>0</segmented>
	<object>
		<name>LineBreak</name>
		<pose>Unspecified</pose>
		<truncated>1</truncated>
		<difficult>0</difficult>
		<bndbox>
			<xmin>26</xmin>
			<ymin>11</ymin>
			<xmax>101</xmax>
			<ymax>160</ymax>
		</bndbox>
	</object>
</annotation>
