<annotation>
	<folder>images</folder>
	<filename>img138.png</filename>
	<path>/Users/tech88d1/Desktop/images/img138.png</path>
	<source>
		<database>Unknown</database>
	</source>
	<size>
		<width>302</width>
		<height>88</height>
		<depth>3</depth>
	</size>
	<segmented>0</segmented>
	<object>
		<name>LineBreak</name>
		<pose>Unspecified</pose>
		<truncated>0</truncated>
		<difficult>0</difficult>
		<bndbox>
			<xmin>40</xmin>
			<ymin>24</ymin>
			<xmax>109</xmax>
			<ymax>65</ymax>
		</bndbox>
	</object>
	<object>
		<name>LineBreak</name>
		<pose>Unspecified</pose>
		<truncated>0</truncated>
		<difficult>0</difficult>
		<bndbox>
			<xmin>125</xmin>
			<ymin>20</ymin>
			<xmax>195</xmax>
			<ymax>60</ymax>
		</bndbox>
	</object>
	<object>
		<name>LineBreak</name>
		<pose>Unspecified</pose>
		<truncated>0</truncated>
		<difficult>0</difficult>
		<bndbox>
			<xmin>202</xmin>
			<ymin>14</ymin>
			<xmax>229</xmax>
			<ymax>48</ymax>
		</bndbox>
	</object>
</annotation>
