<annotation>
	<folder>images</folder>
	<filename>img114.png</filename>
	<path>/Users/tech88d1/Desktop/images/img114.png</path>
	<source>
		<database>Unknown</database>
	</source>
	<size>
		<width>140</width>
		<height>136</height>
		<depth>3</depth>
	</size>
	<segmented>0</segmented>
	<object>
		<name>LineBreak</name>
		<pose>Unspecified</pose>
		<truncated>1</truncated>
		<difficult>0</difficult>
		<bndbox>
			<xmin>85</xmin>
			<ymin>8</ymin>
			<xmax>140</xmax>
			<ymax>105</ymax>
		</bndbox>
	</object>
</annotation>
