<annotation>
	<folder>images</folder>
	<filename>img113.png</filename>
	<path>/Users/tech88d1/Desktop/images/img113.png</path>
	<source>
		<database>Unknown</database>
	</source>
	<size>
		<width>146</width>
		<height>52</height>
		<depth>3</depth>
	</size>
	<segmented>0</segmented>
	<object>
		<name>LineBreak</name>
		<pose>Unspecified</pose>
		<truncated>1</truncated>
		<difficult>0</difficult>
		<bndbox>
			<xmin>47</xmin>
			<ymin>8</ymin>
			<xmax>118</xmax>
			<ymax>52</ymax>
		</bndbox>
	</object>
</annotation>
