<annotation>
	<folder>images</folder>
	<filename>img136.png</filename>
	<path>/Users/tech88d1/Desktop/images/img136.png</path>
	<source>
		<database>Unknown</database>
	</source>
	<size>
		<width>52</width>
		<height>88</height>
		<depth>3</depth>
	</size>
	<segmented>0</segmented>
	<object>
		<name>LineBreak</name>
		<pose>Unspecified</pose>
		<truncated>1</truncated>
		<difficult>0</difficult>
		<bndbox>
			<xmin>6</xmin>
			<ymin>11</ymin>
			<xmax>52</xmax>
			<ymax>72</ymax>
		</bndbox>
	</object>
</annotation>
