<annotation>
	<folder>images</folder>
	<filename>img122.png</filename>
	<path>/Users/tech88d1/Desktop/images/img122.png</path>
	<source>
		<database>Unknown</database>
	</source>
	<size>
		<width>266</width>
		<height>160</height>
		<depth>3</depth>
	</size>
	<segmented>0</segmented>
	<object>
		<name>LineBreak</name>
		<pose>Unspecified</pose>
		<truncated>0</truncated>
		<difficult>0</difficult>
		<bndbox>
			<xmin>78</xmin>
			<ymin>10</ymin>
			<xmax>242</xmax>
			<ymax>147</ymax>
		</bndbox>
	</object>
</annotation>
