<annotation>
	<folder>images</folder>
	<filename>img110.png</filename>
	<path>/Users/tech88d1/Desktop/images/img110.png</path>
	<source>
		<database>Unknown</database>
	</source>
	<size>
		<width>168</width>
		<height>122</height>
		<depth>3</depth>
	</size>
	<segmented>0</segmented>
	<object>
		<name>LineBreak</name>
		<pose>Unspecified</pose>
		<truncated>0</truncated>
		<difficult>0</difficult>
		<bndbox>
			<xmin>40</xmin>
			<ymin>30</ymin>
			<xmax>136</xmax>
			<ymax>99</ymax>
		</bndbox>
	</object>
</annotation>
