<annotation>
	<folder>images</folder>
	<filename>img17.png</filename>
	<path>/Users/tech88d1/Desktop/images/img17.png</path>
	<source>
		<database>Unknown</database>
	</source>
	<size>
		<width>176</width>
		<height>100</height>
		<depth>3</depth>
	</size>
	<segmented>0</segmented>
	<object>
		<name>LineBreak</name>
		<pose>Unspecified</pose>
		<truncated>0</truncated>
		<difficult>0</difficult>
		<bndbox>
			<xmin>34</xmin>
			<ymin>37</ymin>
			<xmax>85</xmax>
			<ymax>65</ymax>
		</bndbox>
	</object>
	<object>
		<name>LineBreak</name>
		<pose>Unspecified</pose>
		<truncated>0</truncated>
		<difficult>0</difficult>
		<bndbox>
			<xmin>87</xmin>
			<ymin>3</ymin>
			<xmax>129</xmax>
			<ymax>38</ymax>
		</bndbox>
	</object>
</annotation>
