<annotation>
	<folder>images</folder>
	<filename>img123.png</filename>
	<path>/Users/tech88d1/Desktop/images/img123.png</path>
	<source>
		<database>Unknown</database>
	</source>
	<size>
		<width>160</width>
		<height>116</height>
		<depth>3</depth>
	</size>
	<segmented>0</segmented>
	<object>
		<name>LineBreak</name>
		<pose>Unspecified</pose>
		<truncated>0</truncated>
		<difficult>0</difficult>
		<bndbox>
			<xmin>28</xmin>
			<ymin>4</ymin>
			<xmax>121</xmax>
			<ymax>85</ymax>
		</bndbox>
	</object>
</annotation>
