<annotation>
	<folder>images</folder>
	<filename>img111.png</filename>
	<path>/Users/tech88d1/Desktop/images/img111.png</path>
	<source>
		<database>Unknown</database>
	</source>
	<size>
		<width>352</width>
		<height>94</height>
		<depth>3</depth>
	</size>
	<segmented>0</segmented>
	<object>
		<name>LineBreak</name>
		<pose>Unspecified</pose>
		<truncated>0</truncated>
		<difficult>0</difficult>
		<bndbox>
			<xmin>19</xmin>
			<ymin>49</ymin>
			<xmax>329</xmax>
			<ymax>93</ymax>
		</bndbox>
	</object>
</annotation>
