<annotation>
	<folder>images</folder>
	<filename>img133.png</filename>
	<path>/Users/tech88d1/Desktop/images/img133.png</path>
	<source>
		<database>Unknown</database>
	</source>
	<size>
		<width>80</width>
		<height>62</height>
		<depth>3</depth>
	</size>
	<segmented>0</segmented>
	<object>
		<name>LineBreak</name>
		<pose>Unspecified</pose>
		<truncated>0</truncated>
		<difficult>0</difficult>
		<bndbox>
			<xmin>26</xmin>
			<ymin>12</ymin>
			<xmax>68</xmax>
			<ymax>46</ymax>
		</bndbox>
	</object>
</annotation>
