<annotation>
	<folder>images</folder>
	<filename>img139.png</filename>
	<path>/Users/tech88d1/Desktop/images/img139.png</path>
	<source>
		<database>Unknown</database>
	</source>
	<size>
		<width>196</width>
		<height>78</height>
		<depth>3</depth>
	</size>
	<segmented>0</segmented>
	<object>
		<name>LineBreak</name>
		<pose>Unspecified</pose>
		<truncated>0</truncated>
		<difficult>0</difficult>
		<bndbox>
			<xmin>33</xmin>
			<ymin>10</ymin>
			<xmax>121</xmax>
			<ymax>61</ymax>
		</bndbox>
	</object>
</annotation>
