<annotation>
	<folder>images</folder>
	<filename>img130.png</filename>
	<path>/Users/tech88d1/Desktop/images/img130.png</path>
	<source>
		<database>Unknown</database>
	</source>
	<size>
		<width>194</width>
		<height>160</height>
		<depth>3</depth>
	</size>
	<segmented>0</segmented>
	<object>
		<name>LineBreak</name>
		<pose>Unspecified</pose>
		<truncated>0</truncated>
		<difficult>0</difficult>
		<bndbox>
			<xmin>92</xmin>
			<ymin>29</ymin>
			<xmax>163</xmax>
			<ymax>131</ymax>
		</bndbox>
	</object>
	<object>
		<name>LineBreak</name>
		<pose>Unspecified</pose>
		<truncated>0</truncated>
		<difficult>0</difficult>
		<bndbox>
			<xmin>59</xmin>
			<ymin>119</ymin>
			<xmax>145</xmax>
			<ymax>156</ymax>
		</bndbox>
	</object>
</annotation>
