<annotation>
	<folder>images</folder>
	<filename>img121.png</filename>
	<path>/Users/tech88d1/Desktop/images/img121.png</path>
	<source>
		<database>Unknown</database>
	</source>
	<size>
		<width>186</width>
		<height>162</height>
		<depth>3</depth>
	</size>
	<segmented>0</segmented>
	<object>
		<name>LineBreak</name>
		<pose>Unspecified</pose>
		<truncated>1</truncated>
		<difficult>0</difficult>
		<bndbox>
			<xmin>1</xmin>
			<ymin>42</ymin>
			<xmax>125</xmax>
			<ymax>131</ymax>
		</bndbox>
	</object>
</annotation>
