<annotation>
	<folder>images</folder>
	<filename>img141.png</filename>
	<path>/Users/tech88d1/Desktop/images/img141.png</path>
	<source>
		<database>Unknown</database>
	</source>
	<size>
		<width>102</width>
		<height>126</height>
		<depth>3</depth>
	</size>
	<segmented>0</segmented>
	<object>
		<name>LineBreak</name>
		<pose>Unspecified</pose>
		<truncated>0</truncated>
		<difficult>0</difficult>
		<bndbox>
			<xmin>28</xmin>
			<ymin>27</ymin>
			<xmax>64</xmax>
			<ymax>89</ymax>
		</bndbox>
	</object>
</annotation>
