<annotation>
	<folder>images</folder>
	<filename>img135.png</filename>
	<path>/Users/tech88d1/Desktop/images/img135.png</path>
	<source>
		<database>Unknown</database>
	</source>
	<size>
		<width>120</width>
		<height>74</height>
		<depth>3</depth>
	</size>
	<segmented>0</segmented>
	<object>
		<name>LineBreak</name>
		<pose>Unspecified</pose>
		<truncated>0</truncated>
		<difficult>0</difficult>
		<bndbox>
			<xmin>5</xmin>
			<ymin>6</ymin>
			<xmax>101</xmax>
			<ymax>30</ymax>
		</bndbox>
	</object>
</annotation>
