<annotation>
	<folder>images</folder>
	<filename>img109.png</filename>
	<path>/Users/tech88d1/Desktop/images/img109.png</path>
	<source>
		<database>Unknown</database>
	</source>
	<size>
		<width>140</width>
		<height>108</height>
		<depth>3</depth>
	</size>
	<segmented>0</segmented>
	<object>
		<name>LineBreak</name>
		<pose>Unspecified</pose>
		<truncated>0</truncated>
		<difficult>0</difficult>
		<bndbox>
			<xmin>16</xmin>
			<ymin>9</ymin>
			<xmax>72</xmax>
			<ymax>44</ymax>
		</bndbox>
	</object>
</annotation>
