<annotation>
	<folder>images</folder>
	<filename>img100.png</filename>
	<path>/Users/tech88d1/Desktop/images/img100.png</path>
	<source>
		<database>Unknown</database>
	</source>
	<size>
		<width>90</width>
		<height>98</height>
		<depth>3</depth>
	</size>
	<segmented>0</segmented>
	<object>
		<name>LineBreak</name>
		<pose>Unspecified</pose>
		<truncated>0</truncated>
		<difficult>0</difficult>
		<bndbox>
			<xmin>2</xmin>
			<ymin>16</ymin>
			<xmax>81</xmax>
			<ymax>75</ymax>
		</bndbox>
	</object>
</annotation>
