<annotation>
	<folder>images</folder>
	<filename>img129.png</filename>
	<path>/Users/tech88d1/Desktop/images/img129.png</path>
	<source>
		<database>Unknown</database>
	</source>
	<size>
		<width>86</width>
		<height>198</height>
		<depth>3</depth>
	</size>
	<segmented>0</segmented>
	<object>
		<name>LineBreak</name>
		<pose>Unspecified</pose>
		<truncated>1</truncated>
		<difficult>0</difficult>
		<bndbox>
			<xmin>34</xmin>
			<ymin>44</ymin>
			<xmax>86</xmax>
			<ymax>172</ymax>
		</bndbox>
	</object>
	<object>
		<name>LineBreak</name>
		<pose>Unspecified</pose>
		<truncated>1</truncated>
		<difficult>0</difficult>
		<bndbox>
			<xmin>54</xmin>
			<ymin>16</ymin>
			<xmax>86</xmax>
			<ymax>39</ymax>
		</bndbox>
	</object>
</annotation>
