<annotation>
	<folder>images</folder>
	<filename>img127.png</filename>
	<path>/Users/tech88d1/Desktop/images/img127.png</path>
	<source>
		<database>Unknown</database>
	</source>
	<size>
		<width>96</width>
		<height>124</height>
		<depth>3</depth>
	</size>
	<segmented>0</segmented>
	<object>
		<name>LineBreak</name>
		<pose>Unspecified</pose>
		<truncated>1</truncated>
		<difficult>0</difficult>
		<bndbox>
			<xmin>13</xmin>
			<ymin>51</ymin>
			<xmax>96</xmax>
			<ymax>102</ymax>
		</bndbox>
	</object>
</annotation>
