<annotation>
	<folder>images</folder>
	<filename>img16.png</filename>
	<path>/Users/tech88d1/Desktop/images/img16.png</path>
	<source>
		<database>Unknown</database>
	</source>
	<size>
		<width>122</width>
		<height>134</height>
		<depth>3</depth>
	</size>
	<segmented>0</segmented>
	<object>
		<name>LineBreak</name>
		<pose>Unspecified</pose>
		<truncated>0</truncated>
		<difficult>0</difficult>
		<bndbox>
			<xmin>35</xmin>
			<ymin>42</ymin>
			<xmax>105</xmax>
			<ymax>86</ymax>
		</bndbox>
	</object>
</annotation>
