<annotation>
	<folder>images</folder>
	<filename>img132.png</filename>
	<path>/Users/tech88d1/Desktop/images/img132.png</path>
	<source>
		<database>Unknown</database>
	</source>
	<size>
		<width>130</width>
		<height>156</height>
		<depth>3</depth>
	</size>
	<segmented>0</segmented>
	<object>
		<name>LineBreak</name>
		<pose>Unspecified</pose>
		<truncated>0</truncated>
		<difficult>0</difficult>
		<bndbox>
			<xmin>33</xmin>
			<ymin>31</ymin>
			<xmax>122</xmax>
			<ymax>108</ymax>
		</bndbox>
	</object>
</annotation>
