<annotation>
	<folder>images</folder>
	<filename>img149.png</filename>
	<path>/Users/tech88d1/Desktop/images/img149.png</path>
	<source>
		<database>Unknown</database>
	</source>
	<size>
		<width>204</width>
		<height>196</height>
		<depth>3</depth>
	</size>
	<segmented>0</segmented>
	<object>
		<name>LineBreak</name>
		<pose>Unspecified</pose>
		<truncated>0</truncated>
		<difficult>0</difficult>
		<bndbox>
			<xmin>35</xmin>
			<ymin>12</ymin>
			<xmax>128</xmax>
			<ymax>68</ymax>
		</bndbox>
	</object>
	<object>
		<name>LineBreak</name>
		<pose>Unspecified</pose>
		<truncated>0</truncated>
		<difficult>0</difficult>
		<bndbox>
			<xmin>36</xmin>
			<ymin>84</ymin>
			<xmax>145</xmax>
			<ymax>158</ymax>
		</bndbox>
	</object>
</annotation>
