<annotation>
	<folder>images</folder>
	<filename>img15.png</filename>
	<path>/Users/tech88d1/Desktop/images/img15.png</path>
	<source>
		<database>Unknown</database>
	</source>
	<size>
		<width>154</width>
		<height>122</height>
		<depth>3</depth>
	</size>
	<segmented>0</segmented>
	<object>
		<name>LineBreak</name>
		<pose>Unspecified</pose>
		<truncated>0</truncated>
		<difficult>0</difficult>
		<bndbox>
			<xmin>33</xmin>
			<ymin>49</ymin>
			<xmax>67</xmax>
			<ymax>75</ymax>
		</bndbox>
	</object>
	<object>
		<name>LineBreak</name>
		<pose>Unspecified</pose>
		<truncated>0</truncated>
		<difficult>0</difficult>
		<bndbox>
			<xmin>66</xmin>
			<ymin>33</ymin>
			<xmax>135</xmax>
			<ymax>72</ymax>
		</bndbox>
	</object>
</annotation>
