<annotation>
	<folder>images</folder>
	<filename>img11.png</filename>
	<path>/Users/tech88d1/Desktop/images/img11.png</path>
	<source>
		<database>Unknown</database>
	</source>
	<size>
		<width>260</width>
		<height>150</height>
		<depth>3</depth>
	</size>
	<segmented>0</segmented>
	<object>
		<name>LineBreak</name>
		<pose>Unspecified</pose>
		<truncated>0</truncated>
		<difficult>0</difficult>
		<bndbox>
			<xmin>104</xmin>
			<ymin>2</ymin>
			<xmax>249</xmax>
			<ymax>34</ymax>
		</bndbox>
	</object>
</annotation>
