<annotation>
	<folder>images</folder>
	<filename>img29.png</filename>
	<path>/Users/tech88d1/Desktop/images/img29.png</path>
	<source>
		<database>Unknown</database>
	</source>
	<size>
		<width>224</width>
		<height>158</height>
		<depth>3</depth>
	</size>
	<segmented>0</segmented>
	<object>
		<name>LineBreak</name>
		<pose>Unspecified</pose>
		<truncated>0</truncated>
		<difficult>0</difficult>
		<bndbox>
			<xmin>95</xmin>
			<ymin>30</ymin>
			<xmax>192</xmax>
			<ymax>105</ymax>
		</bndbox>
	</object>
</annotation>
