<annotation>
	<folder>images</folder>
	<filename>img20.png</filename>
	<path>/Users/tech88d1/Desktop/images/img20.png</path>
	<source>
		<database>Unknown</database>
	</source>
	<size>
		<width>184</width>
		<height>142</height>
		<depth>3</depth>
	</size>
	<segmented>0</segmented>
	<object>
		<name>LineBreak</name>
		<pose>Unspecified</pose>
		<truncated>0</truncated>
		<difficult>0</difficult>
		<bndbox>
			<xmin>47</xmin>
			<ymin>23</ymin>
			<xmax>126</xmax>
			<ymax>97</ymax>
		</bndbox>
	</object>
</annotation>
