<annotation>
	<folder>images</folder>
	<filename>img25.png</filename>
	<path>/Users/tech88d1/Desktop/images/img25.png</path>
	<source>
		<database>Unknown</database>
	</source>
	<size>
		<width>204</width>
		<height>336</height>
		<depth>3</depth>
	</size>
	<segmented>0</segmented>
	<object>
		<name>LineBreak</name>
		<pose>Unspecified</pose>
		<truncated>1</truncated>
		<difficult>0</difficult>
		<bndbox>
			<xmin>88</xmin>
			<ymin>1</ymin>
			<xmax>141</xmax>
			<ymax>55</ymax>
		</bndbox>
	</object>
	<object>
		<name>LineBreak</name>
		<pose>Unspecified</pose>
		<truncated>1</truncated>
		<difficult>0</difficult>
		<bndbox>
			<xmin>52</xmin>
			<ymin>273</ymin>
			<xmax>96</xmax>
			<ymax>336</ymax>
		</bndbox>
	</object>
</annotation>
