<annotation>
	<folder>images</folder>
	<filename>img22.png</filename>
	<path>/Users/tech88d1/Desktop/images/img22.png</path>
	<source>
		<database>Unknown</database>
	</source>
	<size>
		<width>222</width>
		<height>274</height>
		<depth>3</depth>
	</size>
	<segmented>0</segmented>
	<object>
		<name>LineBreak</name>
		<pose>Unspecified</pose>
		<truncated>1</truncated>
		<difficult>0</difficult>
		<bndbox>
			<xmin>1</xmin>
			<ymin>20</ymin>
			<xmax>111</xmax>
			<ymax>274</ymax>
		</bndbox>
	</object>
</annotation>
