<annotation>
	<folder>images</folder>
	<filename>img28.png</filename>
	<path>/Users/tech88d1/Desktop/images/img28.png</path>
	<source>
		<database>Unknown</database>
	</source>
	<size>
		<width>112</width>
		<height>108</height>
		<depth>3</depth>
	</size>
	<segmented>0</segmented>
	<object>
		<name>LineBreak</name>
		<pose>Unspecified</pose>
		<truncated>0</truncated>
		<difficult>0</difficult>
		<bndbox>
			<xmin>45</xmin>
			<ymin>12</ymin>
			<xmax>95</xmax>
			<ymax>91</ymax>
		</bndbox>
	</object>
</annotation>
