<annotation>
	<folder>images</folder>
	<filename>img24.png</filename>
	<path>/Users/tech88d1/Desktop/images/img24.png</path>
	<source>
		<database>Unknown</database>
	</source>
	<size>
		<width>146</width>
		<height>174</height>
		<depth>3</depth>
	</size>
	<segmented>0</segmented>
	<object>
		<name>LineBreak</name>
		<pose>Unspecified</pose>
		<truncated>1</truncated>
		<difficult>0</difficult>
		<bndbox>
			<xmin>100</xmin>
			<ymin>63</ymin>
			<xmax>146</xmax>
			<ymax>148</ymax>
		</bndbox>
	</object>
</annotation>
