<annotation>
	<folder>images</folder>
	<filename>img26.png</filename>
	<path>/Users/tech88d1/Desktop/images/img26.png</path>
	<source>
		<database>Unknown</database>
	</source>
	<size>
		<width>194</width>
		<height>94</height>
		<depth>3</depth>
	</size>
	<segmented>0</segmented>
	<object>
		<name>LineBreak</name>
		<pose>Unspecified</pose>
		<truncated>0</truncated>
		<difficult>0</difficult>
		<bndbox>
			<xmin>53</xmin>
			<ymin>22</ymin>
			<xmax>127</xmax>
			<ymax>71</ymax>
		</bndbox>
	</object>
</annotation>
