<annotation>
	<folder>images</folder>
	<filename>img27.png</filename>
	<path>/Users/tech88d1/Desktop/images/img27.png</path>
	<source>
		<database>Unknown</database>
	</source>
	<size>
		<width>94</width>
		<height>112</height>
		<depth>3</depth>
	</size>
	<segmented>0</segmented>
	<object>
		<name>LineBreak</name>
		<pose>Unspecified</pose>
		<truncated>0</truncated>
		<difficult>0</difficult>
		<bndbox>
			<xmin>31</xmin>
			<ymin>5</ymin>
			<xmax>78</xmax>
			<ymax>68</ymax>
		</bndbox>
	</object>
	<object>
		<name>LineBreak</name>
		<pose>Unspecified</pose>
		<truncated>1</truncated>
		<difficult>0</difficult>
		<bndbox>
			<xmin>29</xmin>
			<ymin>71</ymin>
			<xmax>94</xmax>
			<ymax>106</ymax>
		</bndbox>
	</object>
</annotation>
