<annotation>
	<folder>images</folder>
	<filename>img21.png</filename>
	<path>/Users/tech88d1/Desktop/images/img21.png</path>
	<source>
		<database>Unknown</database>
	</source>
	<size>
		<width>220</width>
		<height>156</height>
		<depth>3</depth>
	</size>
	<segmented>0</segmented>
	<object>
		<name>LineBreak</name>
		<pose>Unspecified</pose>
		<truncated>1</truncated>
		<difficult>0</difficult>
		<bndbox>
			<xmin>97</xmin>
			<ymin>11</ymin>
			<xmax>220</xmax>
			<ymax>66</ymax>
		</bndbox>
	</object>
</annotation>
