<annotation>
	<folder>images</folder>
	<filename>img33.png</filename>
	<path>/Users/tech88d1/Desktop/images/img33.png</path>
	<source>
		<database>Unknown</database>
	</source>
	<size>
		<width>142</width>
		<height>76</height>
		<depth>3</depth>
	</size>
	<segmented>0</segmented>
	<object>
		<name>LineBreak</name>
		<pose>Unspecified</pose>
		<truncated>1</truncated>
		<difficult>0</difficult>
		<bndbox>
			<xmin>21</xmin>
			<ymin>32</ymin>
			<xmax>95</xmax>
			<ymax>76</ymax>
		</bndbox>
	</object>
</annotation>
