<annotation>
	<folder>images</folder>
	<filename>img3.png</filename>
	<path>/Users/tech88d1/Desktop/images/img3.png</path>
	<source>
		<database>Unknown</database>
	</source>
	<size>
		<width>96</width>
		<height>108</height>
		<depth>3</depth>
	</size>
	<segmented>0</segmented>
	<object>
		<name>LineBreak</name>
		<pose>Unspecified</pose>
		<truncated>0</truncated>
		<difficult>0</difficult>
		<bndbox>
			<xmin>10</xmin>
			<ymin>13</ymin>
			<xmax>81</xmax>
			<ymax>83</ymax>
		</bndbox>
	</object>
</annotation>
