<annotation>
	<folder>images</folder>
	<filename>img35.png</filename>
	<path>/Users/tech88d1/Desktop/images/img35.png</path>
	<source>
		<database>Unknown</database>
	</source>
	<size>
		<width>170</width>
		<height>114</height>
		<depth>3</depth>
	</size>
	<segmented>0</segmented>
	<object>
		<name>LineBreak</name>
		<pose>Unspecified</pose>
		<truncated>0</truncated>
		<difficult>0</difficult>
		<bndbox>
			<xmin>38</xmin>
			<ymin>5</ymin>
			<xmax>155</xmax>
			<ymax>99</ymax>
		</bndbox>
	</object>
</annotation>
