<annotation>
	<folder>images</folder>
	<filename>img39.png</filename>
	<path>/Users/tech88d1/Desktop/images/img39.png</path>
	<source>
		<database>Unknown</database>
	</source>
	<size>
		<width>130</width>
		<height>190</height>
		<depth>3</depth>
	</size>
	<segmented>0</segmented>
	<object>
		<name>LineBreak</name>
		<pose>Unspecified</pose>
		<truncated>0</truncated>
		<difficult>0</difficult>
		<bndbox>
			<xmin>23</xmin>
			<ymin>27</ymin>
			<xmax>126</xmax>
			<ymax>147</ymax>
		</bndbox>
	</object>
</annotation>
