<annotation>
	<folder>images</folder>
	<filename>img34.png</filename>
	<path>/Users/tech88d1/Desktop/images/img34.png</path>
	<source>
		<database>Unknown</database>
	</source>
	<size>
		<width>108</width>
		<height>56</height>
		<depth>3</depth>
	</size>
	<segmented>0</segmented>
	<object>
		<name>LineBreak</name>
		<pose>Unspecified</pose>
		<truncated>1</truncated>
		<difficult>0</difficult>
		<bndbox>
			<xmin>16</xmin>
			<ymin>5</ymin>
			<xmax>76</xmax>
			<ymax>56</ymax>
		</bndbox>
	</object>
</annotation>
