<annotation>
	<folder>images</folder>
	<filename>img36.png</filename>
	<path>/Users/tech88d1/Desktop/images/img36.png</path>
	<source>
		<database>Unknown</database>
	</source>
	<size>
		<width>116</width>
		<height>88</height>
		<depth>3</depth>
	</size>
	<segmented>0</segmented>
	<object>
		<name>LineBreak</name>
		<pose>Unspecified</pose>
		<truncated>0</truncated>
		<difficult>0</difficult>
		<bndbox>
			<xmin>11</xmin>
			<ymin>18</ymin>
			<xmax>84</xmax>
			<ymax>75</ymax>
		</bndbox>
	</object>
</annotation>
