<annotation>
	<folder>images</folder>
	<filename>img46.png</filename>
	<path>/Users/tech88d1/Desktop/images/img46.png</path>
	<source>
		<database>Unknown</database>
	</source>
	<size>
		<width>88</width>
		<height>138</height>
		<depth>3</depth>
	</size>
	<segmented>0</segmented>
	<object>
		<name>LineBreak</name>
		<pose>Unspecified</pose>
		<truncated>0</truncated>
		<difficult>0</difficult>
		<bndbox>
			<xmin>9</xmin>
			<ymin>17</ymin>
			<xmax>68</xmax>
			<ymax>95</ymax>
		</bndbox>
	</object>
</annotation>
