<annotation>
	<folder>images</folder>
	<filename>img49.png</filename>
	<path>/Users/tech88d1/Desktop/images/img49.png</path>
	<source>
		<database>Unknown</database>
	</source>
	<size>
		<width>146</width>
		<height>62</height>
		<depth>3</depth>
	</size>
	<segmented>0</segmented>
	<object>
		<name>LineBreak</name>
		<pose>Unspecified</pose>
		<truncated>0</truncated>
		<difficult>0</difficult>
		<bndbox>
			<xmin>35</xmin>
			<ymin>24</ymin>
			<xmax>96</xmax>
			<ymax>54</ymax>
		</bndbox>
	</object>
</annotation>
