<annotation>
	<folder>images</folder>
	<filename>img41.png</filename>
	<path>/Users/tech88d1/Desktop/images/img41.png</path>
	<source>
		<database>Unknown</database>
	</source>
	<size>
		<width>188</width>
		<height>80</height>
		<depth>3</depth>
	</size>
	<segmented>0</segmented>
	<object>
		<name>LineBreak</name>
		<pose>Unspecified</pose>
		<truncated>0</truncated>
		<difficult>0</difficult>
		<bndbox>
			<xmin>36</xmin>
			<ymin>9</ymin>
			<xmax>125</xmax>
			<ymax>63</ymax>
		</bndbox>
	</object>
</annotation>
