<annotation>
	<folder>images</folder>
	<filename>img40.png</filename>
	<path>/Users/tech88d1/Desktop/images/img40.png</path>
	<source>
		<database>Unknown</database>
	</source>
	<size>
		<width>124</width>
		<height>136</height>
		<depth>3</depth>
	</size>
	<segmented>0</segmented>
	<object>
		<name>LineBreak</name>
		<pose>Unspecified</pose>
		<truncated>1</truncated>
		<difficult>0</difficult>
		<bndbox>
			<xmin>34</xmin>
			<ymin>54</ymin>
			<xmax>103</xmax>
			<ymax>136</ymax>
		</bndbox>
	</object>
</annotation>
