<annotation>
	<folder>images</folder>
	<filename>img44.png</filename>
	<path>/Users/tech88d1/Desktop/images/img44.png</path>
	<source>
		<database>Unknown</database>
	</source>
	<size>
		<width>214</width>
		<height>192</height>
		<depth>3</depth>
	</size>
	<segmented>0</segmented>
	<object>
		<name>LineBreak</name>
		<pose>Unspecified</pose>
		<truncated>0</truncated>
		<difficult>0</difficult>
		<bndbox>
			<xmin>21</xmin>
			<ymin>106</ymin>
			<xmax>99</xmax>
			<ymax>151</ymax>
		</bndbox>
	</object>
</annotation>
