<annotation>
	<folder>images</folder>
	<filename>img45.png</filename>
	<path>/Users/tech88d1/Desktop/images/img45.png</path>
	<source>
		<database>Unknown</database>
	</source>
	<size>
		<width>170</width>
		<height>106</height>
		<depth>3</depth>
	</size>
	<segmented>0</segmented>
	<object>
		<name>LineBreak</name>
		<pose>Unspecified</pose>
		<truncated>1</truncated>
		<difficult>0</difficult>
		<bndbox>
			<xmin>3</xmin>
			<ymin>79</ymin>
			<xmax>55</xmax>
			<ymax>106</ymax>
		</bndbox>
	</object>
</annotation>
