<annotation>
	<folder>images</folder>
	<filename>img4.png</filename>
	<path>/Users/tech88d1/Desktop/images/img4.png</path>
	<source>
		<database>Unknown</database>
	</source>
	<size>
		<width>100</width>
		<height>144</height>
		<depth>3</depth>
	</size>
	<segmented>0</segmented>
	<object>
		<name>LineBreak</name>
		<pose>Unspecified</pose>
		<truncated>0</truncated>
		<difficult>0</difficult>
		<bndbox>
			<xmin>20</xmin>
			<ymin>53</ymin>
			<xmax>85</xmax>
			<ymax>117</ymax>
		</bndbox>
	</object>
</annotation>
