<annotation>
	<folder>images</folder>
	<filename>img43.png</filename>
	<path>/Users/tech88d1/Desktop/images/img43.png</path>
	<source>
		<database>Unknown</database>
	</source>
	<size>
		<width>90</width>
		<height>130</height>
		<depth>3</depth>
	</size>
	<segmented>0</segmented>
	<object>
		<name>LineBreak</name>
		<pose>Unspecified</pose>
		<truncated>0</truncated>
		<difficult>0</difficult>
		<bndbox>
			<xmin>26</xmin>
			<ymin>43</ymin>
			<xmax>82</xmax>
			<ymax>124</ymax>
		</bndbox>
	</object>
</annotation>
