<annotation>
	<folder>images</folder>
	<filename>img47.png</filename>
	<path>/Users/tech88d1/Desktop/images/img47.png</path>
	<source>
		<database>Unknown</database>
	</source>
	<size>
		<width>134</width>
		<height>64</height>
		<depth>3</depth>
	</size>
	<segmented>0</segmented>
	<object>
		<name>LineBreak</name>
		<pose>Unspecified</pose>
		<truncated>1</truncated>
		<difficult>0</difficult>
		<bndbox>
			<xmin>50</xmin>
			<ymin>28</ymin>
			<xmax>91</xmax>
			<ymax>64</ymax>
		</bndbox>
	</object>
</annotation>
