<annotation>
	<folder>images</folder>
	<filename>img56.png</filename>
	<path>/Users/tech88d1/Desktop/images/img56.png</path>
	<source>
		<database>Unknown</database>
	</source>
	<size>
		<width>182</width>
		<height>80</height>
		<depth>3</depth>
	</size>
	<segmented>0</segmented>
	<object>
		<name>LineBreak</name>
		<pose>Unspecified</pose>
		<truncated>0</truncated>
		<difficult>0</difficult>
		<bndbox>
			<xmin>18</xmin>
			<ymin>3</ymin>
			<xmax>169</xmax>
			<ymax>49</ymax>
		</bndbox>
	</object>
</annotation>
