<annotation>
	<folder>images</folder>
	<filename>img53.png</filename>
	<path>/Users/tech88d1/Desktop/images/img53.png</path>
	<source>
		<database>Unknown</database>
	</source>
	<size>
		<width>108</width>
		<height>138</height>
		<depth>3</depth>
	</size>
	<segmented>0</segmented>
	<object>
		<name>LineBreak</name>
		<pose>Unspecified</pose>
		<truncated>1</truncated>
		<difficult>0</difficult>
		<bndbox>
			<xmin>38</xmin>
			<ymin>35</ymin>
			<xmax>108</xmax>
			<ymax>131</ymax>
		</bndbox>
	</object>
</annotation>
