<annotation>
	<folder>images</folder>
	<filename>img51.png</filename>
	<path>/Users/tech88d1/Desktop/images/img51.png</path>
	<source>
		<database>Unknown</database>
	</source>
	<size>
		<width>264</width>
		<height>248</height>
		<depth>3</depth>
	</size>
	<segmented>0</segmented>
	<object>
		<name>LineBreak</name>
		<pose>Unspecified</pose>
		<truncated>0</truncated>
		<difficult>0</difficult>
		<bndbox>
			<xmin>44</xmin>
			<ymin>69</ymin>
			<xmax>131</xmax>
			<ymax>169</ymax>
		</bndbox>
	</object>
</annotation>
