<annotation>
	<folder>images</folder>
	<filename>img54.png</filename>
	<path>/Users/tech88d1/Desktop/images/img54.png</path>
	<source>
		<database>Unknown</database>
	</source>
	<size>
		<width>52</width>
		<height>194</height>
		<depth>3</depth>
	</size>
	<segmented>0</segmented>
	<object>
		<name>LineBreak</name>
		<pose>Unspecified</pose>
		<truncated>0</truncated>
		<difficult>0</difficult>
		<bndbox>
			<xmin>3</xmin>
			<ymin>13</ymin>
			<xmax>34</xmax>
			<ymax>181</ymax>
		</bndbox>
	</object>
</annotation>
