<annotation>
	<folder>images</folder>
	<filename>img68.png</filename>
	<path>/Users/tech88d1/Desktop/images/img68.png</path>
	<source>
		<database>Unknown</database>
	</source>
	<size>
		<width>238</width>
		<height>124</height>
		<depth>3</depth>
	</size>
	<segmented>0</segmented>
	<object>
		<name>LineBreak</name>
		<pose>Unspecified</pose>
		<truncated>1</truncated>
		<difficult>0</difficult>
		<bndbox>
			<xmin>76</xmin>
			<ymin>42</ymin>
			<xmax>171</xmax>
			<ymax>124</ymax>
		</bndbox>
	</object>
	<object>
		<name>LineBreak</name>
		<pose>Unspecified</pose>
		<truncated>0</truncated>
		<difficult>0</difficult>
		<bndbox>
			<xmin>8</xmin>
			<ymin>35</ymin>
			<xmax>101</xmax>
			<ymax>79</ymax>
		</bndbox>
	</object>
</annotation>
