<annotation>
	<folder>images</folder>
	<filename>img66.png</filename>
	<path>/Users/tech88d1/Desktop/images/img66.png</path>
	<source>
		<database>Unknown</database>
	</source>
	<size>
		<width>314</width>
		<height>190</height>
		<depth>3</depth>
	</size>
	<segmented>0</segmented>
	<object>
		<name>LineBreak</name>
		<pose>Unspecified</pose>
		<truncated>0</truncated>
		<difficult>0</difficult>
		<bndbox>
			<xmin>47</xmin>
			<ymin>52</ymin>
			<xmax>140</xmax>
			<ymax>117</ymax>
		</bndbox>
	</object>
	<object>
		<name>LineBreak</name>
		<pose>Unspecified</pose>
		<truncated>0</truncated>
		<difficult>0</difficult>
		<bndbox>
			<xmin>138</xmin>
			<ymin>16</ymin>
			<xmax>217</xmax>
			<ymax>83</ymax>
		</bndbox>
	</object>
</annotation>
