<annotation>
	<folder>images</folder>
	<filename>img69.png</filename>
	<path>/Users/tech88d1/Desktop/images/img69.png</path>
	<source>
		<database>Unknown</database>
	</source>
	<size>
		<width>168</width>
		<height>152</height>
		<depth>3</depth>
	</size>
	<segmented>0</segmented>
	<object>
		<name>LineBreak</name>
		<pose>Unspecified</pose>
		<truncated>0</truncated>
		<difficult>0</difficult>
		<bndbox>
			<xmin>100</xmin>
			<ymin>21</ymin>
			<xmax>140</xmax>
			<ymax>87</ymax>
		</bndbox>
	</object>
	<object>
		<name>LineBreak</name>
		<pose>Unspecified</pose>
		<truncated>1</truncated>
		<difficult>0</difficult>
		<bndbox>
			<xmin>15</xmin>
			<ymin>102</ymin>
			<xmax>58</xmax>
			<ymax>152</ymax>
		</bndbox>
	</object>
</annotation>
