<annotation>
	<folder>images</folder>
	<filename>img60.png</filename>
	<path>/Users/tech88d1/Desktop/images/img60.png</path>
	<source>
		<database>Unknown</database>
	</source>
	<size>
		<width>154</width>
		<height>158</height>
		<depth>3</depth>
	</size>
	<segmented>0</segmented>
	<object>
		<name>LineBreak</name>
		<pose>Unspecified</pose>
		<truncated>0</truncated>
		<difficult>0</difficult>
		<bndbox>
			<xmin>19</xmin>
			<ymin>28</ymin>
			<xmax>122</xmax>
			<ymax>92</ymax>
		</bndbox>
	</object>
	<object>
		<name>LineBreak</name>
		<pose>Unspecified</pose>
		<truncated>0</truncated>
		<difficult>0</difficult>
		<bndbox>
			<xmin>64</xmin>
			<ymin>111</ymin>
			<xmax>110</xmax>
			<ymax>146</ymax>
		</bndbox>
	</object>
</annotation>
