<annotation>
	<folder>images</folder>
	<filename>img62.png</filename>
	<path>/Users/tech88d1/Desktop/images/img62.png</path>
	<source>
		<database>Unknown</database>
	</source>
	<size>
		<width>98</width>
		<height>94</height>
		<depth>3</depth>
	</size>
	<segmented>0</segmented>
	<object>
		<name>LineBreak</name>
		<pose>Unspecified</pose>
		<truncated>1</truncated>
		<difficult>0</difficult>
		<bndbox>
			<xmin>19</xmin>
			<ymin>25</ymin>
			<xmax>70</xmax>
			<ymax>94</ymax>
		</bndbox>
	</object>
</annotation>
