<annotation>
	<folder>images</folder>
	<filename>img61.png</filename>
	<path>/Users/tech88d1/Desktop/images/img61.png</path>
	<source>
		<database>Unknown</database>
	</source>
	<size>
		<width>136</width>
		<height>98</height>
		<depth>3</depth>
	</size>
	<segmented>0</segmented>
	<object>
		<name>LineBreak</name>
		<pose>Unspecified</pose>
		<truncated>0</truncated>
		<difficult>0</difficult>
		<bndbox>
			<xmin>27</xmin>
			<ymin>26</ymin>
			<xmax>90</xmax>
			<ymax>68</ymax>
		</bndbox>
	</object>
</annotation>
