<annotation>
	<folder>images</folder>
	<filename>img63.png</filename>
	<path>/Users/tech88d1/Desktop/images/img63.png</path>
	<source>
		<database>Unknown</database>
	</source>
	<size>
		<width>168</width>
		<height>84</height>
		<depth>3</depth>
	</size>
	<segmented>0</segmented>
	<object>
		<name>LineBreak</name>
		<pose>Unspecified</pose>
		<truncated>0</truncated>
		<difficult>0</difficult>
		<bndbox>
			<xmin>57</xmin>
			<ymin>43</ymin>
			<xmax>128</xmax>
			<ymax>78</ymax>
		</bndbox>
	</object>
</annotation>
