<annotation>
	<folder>images</folder>
	<filename>img72.png</filename>
	<path>/Users/tech88d1/Desktop/images/img72.png</path>
	<source>
		<database>Unknown</database>
	</source>
	<size>
		<width>172</width>
		<height>354</height>
		<depth>3</depth>
	</size>
	<segmented>0</segmented>
	<object>
		<name>LineBreak</name>
		<pose>Unspecified</pose>
		<truncated>0</truncated>
		<difficult>0</difficult>
		<bndbox>
			<xmin>22</xmin>
			<ymin>170</ymin>
			<xmax>139</xmax>
			<ymax>322</ymax>
		</bndbox>
	</object>
</annotation>
