<annotation>
	<folder>images</folder>
	<filename>img70.png</filename>
	<path>/Users/tech88d1/Desktop/images/img70.png</path>
	<source>
		<database>Unknown</database>
	</source>
	<size>
		<width>110</width>
		<height>130</height>
		<depth>3</depth>
	</size>
	<segmented>0</segmented>
	<object>
		<name>LineBreak</name>
		<pose>Unspecified</pose>
		<truncated>0</truncated>
		<difficult>0</difficult>
		<bndbox>
			<xmin>22</xmin>
			<ymin>39</ymin>
			<xmax>99</xmax>
			<ymax>95</ymax>
		</bndbox>
	</object>
	<object>
		<name>LineBreak</name>
		<pose>Unspecified</pose>
		<truncated>1</truncated>
		<difficult>0</difficult>
		<bndbox>
			<xmin>27</xmin>
			<ymin>101</ymin>
			<xmax>77</xmax>
			<ymax>130</ymax>
		</bndbox>
	</object>
</annotation>
