<annotation>
	<folder>images</folder>
	<filename>img76.png</filename>
	<path>/Users/tech88d1/Desktop/images/img76.png</path>
	<source>
		<database>Unknown</database>
	</source>
	<size>
		<width>256</width>
		<height>202</height>
		<depth>3</depth>
	</size>
	<segmented>0</segmented>
	<object>
		<name>LineBreak</name>
		<pose>Unspecified</pose>
		<truncated>0</truncated>
		<difficult>0</difficult>
		<bndbox>
			<xmin>76</xmin>
			<ymin>69</ymin>
			<xmax>173</xmax>
			<ymax>167</ymax>
		</bndbox>
	</object>
</annotation>
