<annotation>
	<folder>images</folder>
	<filename>img73.png</filename>
	<path>/Users/tech88d1/Desktop/images/img73.png</path>
	<source>
		<database>Unknown</database>
	</source>
	<size>
		<width>526</width>
		<height>236</height>
		<depth>3</depth>
	</size>
	<segmented>0</segmented>
	<object>
		<name>LineBreak</name>
		<pose>Unspecified</pose>
		<truncated>0</truncated>
		<difficult>0</difficult>
		<bndbox>
			<xmin>59</xmin>
			<ymin>85</ymin>
			<xmax>186</xmax>
			<ymax>178</ymax>
		</bndbox>
	</object>
	<object>
		<name>LineBreak</name>
		<pose>Unspecified</pose>
		<truncated>0</truncated>
		<difficult>0</difficult>
		<bndbox>
			<xmin>173</xmin>
			<ymin>76</ymin>
			<xmax>355</xmax>
			<ymax>146</ymax>
		</bndbox>
	</object>
	<object>
		<name>LineBreak</name>
		<pose>Unspecified</pose>
		<truncated>0</truncated>
		<difficult>0</difficult>
		<bndbox>
			<xmin>357</xmin>
			<ymin>92</ymin>
			<xmax>449</xmax>
			<ymax>152</ymax>
		</bndbox>
	</object>
</annotation>
