<annotation>
	<folder>images</folder>
	<filename>img75.png</filename>
	<path>/Users/tech88d1/Desktop/images/img75.png</path>
	<source>
		<database>Unknown</database>
	</source>
	<size>
		<width>228</width>
		<height>228</height>
		<depth>3</depth>
	</size>
	<segmented>0</segmented>
	<object>
		<name>LineBreak</name>
		<pose>Unspecified</pose>
		<truncated>1</truncated>
		<difficult>0</difficult>
		<bndbox>
			<xmin>14</xmin>
			<ymin>101</ymin>
			<xmax>131</xmax>
			<ymax>228</ymax>
		</bndbox>
	</object>
</annotation>
