<annotation>
	<folder>images</folder>
	<filename>img71.png</filename>
	<path>/Users/tech88d1/Desktop/images/img71.png</path>
	<source>
		<database>Unknown</database>
	</source>
	<size>
		<width>94</width>
		<height>102</height>
		<depth>3</depth>
	</size>
	<segmented>0</segmented>
	<object>
		<name>LineBreak</name>
		<pose>Unspecified</pose>
		<truncated>1</truncated>
		<difficult>0</difficult>
		<bndbox>
			<xmin>33</xmin>
			<ymin>19</ymin>
			<xmax>94</xmax>
			<ymax>57</ymax>
		</bndbox>
	</object>
</annotation>
