<annotation>
	<folder>images</folder>
	<filename>img74.png</filename>
	<path>/Users/tech88d1/Desktop/images/img74.png</path>
	<source>
		<database>Unknown</database>
	</source>
	<size>
		<width>298</width>
		<height>274</height>
		<depth>3</depth>
	</size>
	<segmented>0</segmented>
	<object>
		<name>LineBreak</name>
		<pose>Unspecified</pose>
		<truncated>0</truncated>
		<difficult>0</difficult>
		<bndbox>
			<xmin>78</xmin>
			<ymin>32</ymin>
			<xmax>185</xmax>
			<ymax>230</ymax>
		</bndbox>
	</object>
	<object>
		<name>LineBreak</name>
		<pose>Unspecified</pose>
		<truncated>0</truncated>
		<difficult>0</difficult>
		<bndbox>
			<xmin>29</xmin>
			<ymin>80</ymin>
			<xmax>61</xmax>
			<ymax>116</ymax>
		</bndbox>
	</object>
</annotation>
