<annotation>
	<folder>images</folder>
	<filename>img78.png</filename>
	<path>/Users/tech88d1/Desktop/images/img78.png</path>
	<source>
		<database>Unknown</database>
	</source>
	<size>
		<width>352</width>
		<height>154</height>
		<depth>3</depth>
	</size>
	<segmented>0</segmented>
	<object>
		<name>LineBreak</name>
		<pose>Unspecified</pose>
		<truncated>0</truncated>
		<difficult>0</difficult>
		<bndbox>
			<xmin>102</xmin>
			<ymin>36</ymin>
			<xmax>233</xmax>
			<ymax>70</ymax>
		</bndbox>
	</object>
	<object>
		<name>LineBreak</name>
		<pose>Unspecified</pose>
		<truncated>0</truncated>
		<difficult>0</difficult>
		<bndbox>
			<xmin>6</xmin>
			<ymin>37</ymin>
			<xmax>76</xmax>
			<ymax>86</ymax>
		</bndbox>
	</object>
</annotation>
