<annotation>
	<folder>images</folder>
	<filename>img77.png</filename>
	<path>/Users/tech88d1/Desktop/images/img77.png</path>
	<source>
		<database>Unknown</database>
	</source>
	<size>
		<width>218</width>
		<height>390</height>
		<depth>3</depth>
	</size>
	<segmented>0</segmented>
	<object>
		<name>LineBreak</name>
		<pose>Unspecified</pose>
		<truncated>0</truncated>
		<difficult>0</difficult>
		<bndbox>
			<xmin>44</xmin>
			<ymin>47</ymin>
			<xmax>141</xmax>
			<ymax>158</ymax>
		</bndbox>
	</object>
</annotation>
