<annotation>
	<folder>images</folder>
	<filename>img7.png</filename>
	<path>/Users/tech88d1/Desktop/images/img7.png</path>
	<source>
		<database>Unknown</database>
	</source>
	<size>
		<width>264</width>
		<height>218</height>
		<depth>3</depth>
	</size>
	<segmented>0</segmented>
	<object>
		<name>LineBreak</name>
		<pose>Unspecified</pose>
		<truncated>0</truncated>
		<difficult>0</difficult>
		<bndbox>
			<xmin>106</xmin>
			<ymin>24</ymin>
			<xmax>216</xmax>
			<ymax>194</ymax>
		</bndbox>
	</object>
</annotation>
