<annotation>
	<folder>images</folder>
	<filename>img87.png</filename>
	<path>/Users/tech88d1/Desktop/images/img87.png</path>
	<source>
		<database>Unknown</database>
	</source>
	<size>
		<width>158</width>
		<height>186</height>
		<depth>3</depth>
	</size>
	<segmented>0</segmented>
	<object>
		<name>LineBreak</name>
		<pose>Unspecified</pose>
		<truncated>0</truncated>
		<difficult>0</difficult>
		<bndbox>
			<xmin>93</xmin>
			<ymin>11</ymin>
			<xmax>157</xmax>
			<ymax>94</ymax>
		</bndbox>
	</object>
	<object>
		<name>LineBreak</name>
		<pose>Unspecified</pose>
		<truncated>1</truncated>
		<difficult>0</difficult>
		<bndbox>
			<xmin>32</xmin>
			<ymin>131</ymin>
			<xmax>102</xmax>
			<ymax>186</ymax>
		</bndbox>
	</object>
</annotation>
