<annotation>
	<folder>images</folder>
	<filename>img83.png</filename>
	<path>/Users/tech88d1/Desktop/images/img83.png</path>
	<source>
		<database>Unknown</database>
	</source>
	<size>
		<width>298</width>
		<height>142</height>
		<depth>3</depth>
	</size>
	<segmented>0</segmented>
	<object>
		<name>LineBreak</name>
		<pose>Unspecified</pose>
		<truncated>0</truncated>
		<difficult>0</difficult>
		<bndbox>
			<xmin>23</xmin>
			<ymin>12</ymin>
			<xmax>110</xmax>
			<ymax>66</ymax>
		</bndbox>
	</object>
	<object>
		<name>LineBreak</name>
		<pose>Unspecified</pose>
		<truncated>0</truncated>
		<difficult>0</difficult>
		<bndbox>
			<xmin>148</xmin>
			<ymin>2</ymin>
			<xmax>272</xmax>
			<ymax>33</ymax>
		</bndbox>
	</object>
</annotation>
