<annotation>
	<folder>images</folder>
	<filename>img84.png</filename>
	<path>/Users/tech88d1/Desktop/images/img84.png</path>
	<source>
		<database>Unknown</database>
	</source>
	<size>
		<width>138</width>
		<height>138</height>
		<depth>3</depth>
	</size>
	<segmented>0</segmented>
	<object>
		<name>LineBreak</name>
		<pose>Unspecified</pose>
		<truncated>0</truncated>
		<difficult>0</difficult>
		<bndbox>
			<xmin>48</xmin>
			<ymin>34</ymin>
			<xmax>100</xmax>
			<ymax>101</ymax>
		</bndbox>
	</object>
</annotation>
