<annotation>
	<folder>images</folder>
	<filename>img85.png</filename>
	<path>/Users/tech88d1/Desktop/images/img85.png</path>
	<source>
		<database>Unknown</database>
	</source>
	<size>
		<width>2560</width>
		<height>1600</height>
		<depth>3</depth>
	</size>
	<segmented>0</segmented>
	<object>
		<name>LineBreak</name>
		<pose>Unspecified</pose>
		<truncated>0</truncated>
		<difficult>0</difficult>
		<bndbox>
			<xmin>1041</xmin>
			<ymin>1100</ymin>
			<xmax>1186</xmax>
			<ymax>1227</ymax>
		</bndbox>
	</object>
	<object>
		<name>LineBreak</name>
		<pose>Unspecified</pose>
		<truncated>0</truncated>
		<difficult>0</difficult>
		<bndbox>
			<xmin>1214</xmin>
			<ymin>824</ymin>
			<xmax>1369</xmax>
			<ymax>1003</ymax>
		</bndbox>
	</object>
</annotation>
