<annotation>
	<folder>images</folder>
	<filename>img88.png</filename>
	<path>/Users/tech88d1/Desktop/images/img88.png</path>
	<source>
		<database>Unknown</database>
	</source>
	<size>
		<width>176</width>
		<height>102</height>
		<depth>3</depth>
	</size>
	<segmented>0</segmented>
	<object>
		<name>LineBreak</name>
		<pose>Unspecified</pose>
		<truncated>0</truncated>
		<difficult>0</difficult>
		<bndbox>
			<xmin>17</xmin>
			<ymin>33</ymin>
			<xmax>99</xmax>
			<ymax>82</ymax>
		</bndbox>
	</object>
</annotation>
