<annotation>
	<folder>images</folder>
	<filename>img80.png</filename>
	<path>/Users/tech88d1/Desktop/images/img80.png</path>
	<source>
		<database>Unknown</database>
	</source>
	<size>
		<width>130</width>
		<height>94</height>
		<depth>3</depth>
	</size>
	<segmented>0</segmented>
	<object>
		<name>LineBreak</name>
		<pose>Unspecified</pose>
		<truncated>1</truncated>
		<difficult>0</difficult>
		<bndbox>
			<xmin>29</xmin>
			<ymin>1</ymin>
			<xmax>80</xmax>
			<ymax>40</ymax>
		</bndbox>
	</object>
</annotation>
