<annotation>
	<folder>images</folder>
	<filename>img8.png</filename>
	<path>/Users/tech88d1/Desktop/images/img8.png</path>
	<source>
		<database>Unknown</database>
	</source>
	<size>
		<width>154</width>
		<height>88</height>
		<depth>3</depth>
	</size>
	<segmented>0</segmented>
	<object>
		<name>LineBreak</name>
		<pose>Unspecified</pose>
		<truncated>0</truncated>
		<difficult>0</difficult>
		<bndbox>
			<xmin>24</xmin>
			<ymin>23</ymin>
			<xmax>80</xmax>
			<ymax>53</ymax>
		</bndbox>
	</object>
</annotation>
