<annotation>
	<folder>images</folder>
	<filename>img99.png</filename>
	<path>/Users/tech88d1/Desktop/images/img99.png</path>
	<source>
		<database>Unknown</database>
	</source>
	<size>
		<width>142</width>
		<height>110</height>
		<depth>3</depth>
	</size>
	<segmented>0</segmented>
	<object>
		<name>LineBreak</name>
		<pose>Unspecified</pose>
		<truncated>0</truncated>
		<difficult>0</difficult>
		<bndbox>
			<xmin>46</xmin>
			<ymin>43</ymin>
			<xmax>130</xmax>
			<ymax>97</ymax>
		</bndbox>
	</object>
</annotation>
