<annotation>
	<folder>images</folder>
	<filename>img96.png</filename>
	<path>/Users/tech88d1/Desktop/images/img96.png</path>
	<source>
		<database>Unknown</database>
	</source>
	<size>
		<width>72</width>
		<height>86</height>
		<depth>3</depth>
	</size>
	<segmented>0</segmented>
	<object>
		<name>LineBreak</name>
		<pose>Unspecified</pose>
		<truncated>0</truncated>
		<difficult>0</difficult>
		<bndbox>
			<xmin>15</xmin>
			<ymin>11</ymin>
			<xmax>59</xmax>
			<ymax>76</ymax>
		</bndbox>
	</object>
</annotation>
