<annotation>
	<folder>images</folder>
	<filename>img94.png</filename>
	<path>/Users/tech88d1/Desktop/images/img94.png</path>
	<source>
		<database>Unknown</database>
	</source>
	<size>
		<width>106</width>
		<height>144</height>
		<depth>3</depth>
	</size>
	<segmented>0</segmented>
	<object>
		<name>LineBreak</name>
		<pose>Unspecified</pose>
		<truncated>1</truncated>
		<difficult>0</difficult>
		<bndbox>
			<xmin>31</xmin>
			<ymin>1</ymin>
			<xmax>68</xmax>
			<ymax>28</ymax>
		</bndbox>
	</object>
	<object>
		<name>LineBreak</name>
		<pose>Unspecified</pose>
		<truncated>1</truncated>
		<difficult>0</difficult>
		<bndbox>
			<xmin>14</xmin>
			<ymin>109</ymin>
			<xmax>60</xmax>
			<ymax>144</ymax>
		</bndbox>
	</object>
</annotation>
