<annotation>
	<folder>images</folder>
	<filename>img98.png</filename>
	<path>/Users/tech88d1/Desktop/images/img98.png</path>
	<source>
		<database>Unknown</database>
	</source>
	<size>
		<width>150</width>
		<height>110</height>
		<depth>3</depth>
	</size>
	<segmented>0</segmented>
	<object>
		<name>LineBreak</name>
		<pose>Unspecified</pose>
		<truncated>0</truncated>
		<difficult>0</difficult>
		<bndbox>
			<xmin>7</xmin>
			<ymin>21</ymin>
			<xmax>94</xmax>
			<ymax>58</ymax>
		</bndbox>
	</object>
</annotation>
